<?xml version="1.0" encoding="UTF-8" standalone="yes"?>
<addon id="plugin.video.tkantor81-stream-cz-pohadky" name="Stream.cz - Pohádky" version="0.0.4" provider-name="tkantor81">
    <requires>
        <import addon="xbmc.python" version="2.1.0"/>
    </requires>
    
    <extension point="xbmc.python.pluginsource" library="addon.py">
        <provides>video</provides>
    </extension>
    
    <extension point="xbmc.addon.metadata">
        <summary lang="en">Stream.cz - Fairy tales (in Czech)</summary>
        <summary lang="cs">Stream.cz - Pohádky</summary>
        <description lang="en">You can continually watching fairy tales in new section on Stream.cz. Fairy tales menu will be refreshed every two weeks. Have fun!</description>
        <description lang="cs">V nové sekci na Stream.cz můžete nepřetržitě sledovat pohádky. Každých 14 dní budeme nabídku pohádek obměňovat. Hezkou zábavu!</description>
        <disclaimer lang="en"></disclaimer>
        <disclaimer lang="cs"></disclaimer>
        <language>cs</language>
        <platform>all</platform>
        <license>GNU GENERAL PUBLIC LICENSE Version 3, 29 June 2007</license>
        <forum></forum>
        <website></website>
        <email>tkantor81@gmail.com</email>
        <source></source>
    </extension>
</addon>